{"cameraMode":{"drawMode":0,"name":"Shaded","section":"Shading Mode"},"sceneLighting":true,"audioPlay":false,"sceneViewState":{"m_AlwaysRefresh":false,"showFog":true,"showSkybox":true,"showFlares":true,"showImageEffects":true,"showParticleSystems":true,"showVisualEffectGraphs":true,"m_FxEnabled":true},"in2DMode":false,"pivot":{"x":0.39251941442489626,"y":1.1741478443145753,"z":0.16147065162658692},"rotation":{"x":-0.05242915078997612,"y":0.944220244884491,"z":-0.18532520532608033,"w":-0.2671232223510742},"size":1.804559350013733,"orthographic":false}